id,first_name,last_name,email,expire_date
1,Briano,Yglesias,byglesias0@vinaora.com,2024-09-24
2,Darill,Perrone,dperrone1@google.fr,2024-09-02
3,Theresina,Boyfield,tboyfield2@devhub.com,2024-05-22
4,Jorrie,Franzonello,jfranzonello3@tripadvisor.com,2025-11-27
5,Lilias,Pendrill,lpendrill4@163.com,2025-04-14
6,Brand,Wyldbore,bwyldbore5@intel.com,2024-07-19
7,Darla,Armatidge,darmatidge6@baidu.com,2025-11-08
8,Devonne,Iverson,diverson7@sitemeter.com,2024-10-07
9,Evie,Scholcroft,escholcroft8@opensource.org,2025-11-23
10,Rodi,Golds,rgolds9@wp.com,2024-10-28
11,Siegfried,Pencost,spencosta@eepurl.com,2024-11-16
12,Glen,Furman,gfurmanb@ucoz.com,2024-12-21
13,Kimberlee,Borres,kborresc@com.com,2024-12-07
14,Jinny,Glendining,jglendiningd@timesonline.co.uk,2025-08-16
15,Sandor,Llopis,sllopise@wp.com,2024-07-27
16,Mayne,Meriet,mmerietf@lulu.com,2025-06-10
17,Brion,Metherell,bmetherellg@netvibes.com,2024-12-14
18,Kimberly,Jozefczak,kjozefczakh@loc.gov,2025-01-13
19,Zebulon,Poizer,zpoizeri@weather.com,2025-04-22
20,Kelci,McCurt,kmccurtj@illinois.edu,2025-06-22
21,Ariadne,Vause,avausek@foxnews.com,2025-01-15
22,Tracy,Cottesford,tcottesfordl@51.la,2024-01-18
23,Vasili,Kaliszewski,vkaliszewskim@macromedia.com,2024-05-20
24,Reed,De Gregoli,rdegregolin@goo.gl,2025-08-16
25,Minette,Macguire,mmacguireo@naver.com,2024-03-20
26,Emelen,Ramelet,erameletp@reverbnation.com,2025-01-14
27,Kay,Melarkey,kmelarkeyq@xing.com,2024-04-10
28,Sidnee,Starbucke,sstarbucker@amazon.co.uk,2024-10-24
29,Arlen,Brouncker,abrounckers@smugmug.com,2025-04-18
30,Boyd,Duck,bduckt@usa.gov,2025-11-10
31,Arty,Hellen,ahellenu@prweb.com,2025-02-09
32,Hi,Deners,hdenersv@list-manage.com,2025-11-23
33,Cleveland,Ollerhad,collerhadw@boston.com,2024-05-07
34,Ruthy,Chaffen,rchaffenx@360.cn,2025-05-01
35,Franz,Pentycost,fpentycosty@scribd.com,2024-09-14
36,Mimi,Cotherill,mcotherillz@unicef.org,2024-06-17
37,Tomlin,Danzelman,tdanzelman10@answers.com,2025-09-24
38,Harmony,Jardine,hjardine11@forbes.com,2024-06-04
39,Hersch,Mc Gaughey,hmcgaughey12@techcrunch.com,2025-06-23
40,Xena,Perrycost,xperrycost13@topsy.com,2025-01-12
41,Dari,Keasley,dkeasley14@psu.edu,2024-11-13
42,Kati,Wynter,kwynter15@geocities.jp,2024-11-14
43,Estell,Kerans,ekerans16@irs.gov,2024-01-31
44,Robena,Yewdall,ryewdall17@msu.edu,2025-06-30
45,Javier,Androletti,jandroletti18@pen.io,2024-04-28
46,Hermon,Lidbetter,hlidbetter19@symantec.com,2024-05-07
47,Prudi,Rands,prands1a@sbwire.com,2024-12-18
48,Kayla,Gregersen,kgregersen1b@ocn.ne.jp,2024-03-18
49,Marilin,Kwietek,mkwietek1c@hugedomains.com,2025-03-06
50,Katine,Scholcroft,kscholcroft1d@people.com.cn,2025-02-09
51,Rivi,Baike,rbaike1e@fotki.com,2024-03-01
52,Nahum,Persicke,npersicke1f@youku.com,2024-10-21
53,Amabel,Barnsdale,abarnsdale1g@auda.org.au,2025-06-24
54,Ricca,Maxwale,rmaxwale1h@jimdo.com,2025-02-02
55,Giffer,Tudhope,gtudhope1i@twitpic.com,2024-06-26
56,Tybalt,Binden,tbinden1j@forbes.com,2025-08-20
57,Giselbert,Deschelle,gdeschelle1k@epa.gov,2024-11-23
58,Aron,Piggott,apiggott1l@pinterest.com,2024-09-07
59,Felipe,Franzonetti,ffranzonetti1m@dell.com,2025-02-14
60,Aloysius,Acott,aacott1n@networkadvertising.org,2025-01-22
61,Olia,MacLure,omaclure1o@booking.com,2025-01-04
62,Blanche,Sandom,bsandom1p@ow.ly,2025-05-14
63,Constantine,Matteris,cmatteris1q@mysql.com,2024-11-15
64,Olivia,Dewhurst,odewhurst1r@alexa.com,2025-09-24
65,Merla,Biasioli,mbiasioli1s@google.pl,2025-04-09
66,Dorthy,Olenov,dolenov1t@marriott.com,2025-09-11
67,Cull,Comi,ccomi1u@unblog.fr,2025-05-13
68,Dynah,Ledur,dledur1v@ucla.edu,2025-12-13
69,Nap,Noonan,nnoonan1w@bigcartel.com,2024-10-13
70,Maggy,Yanov,myanov1x@yolasite.com,2025-04-08
71,Gelya,Karolewski,gkarolewski1y@illinois.edu,2025-02-24
72,Andriette,Heathcoat,aheathcoat1z@fema.gov,2024-05-10
73,Marge,Hardie,mhardie20@studiopress.com,2025-08-17
74,Megan,Selvey,mselvey21@archive.org,2024-08-10
75,Emilie,Proud,eproud22@stumbleupon.com,2024-04-04
76,Chantal,Tippler,ctippler23@ihg.com,2024-07-18
77,Chaddie,Philbrick,cphilbrick24@twitter.com,2024-06-27
78,Agnesse,Blazy,ablazy25@surveymonkey.com,2024-12-26
79,Keeley,Feary,kfeary26@cafepress.com,2024-02-17
80,Valry,Farres,vfarres27@imgur.com,2025-07-22
81,Romy,McAndie,rmcandie28@soup.io,2024-11-18
82,Weber,Egentan,wegentan29@moonfruit.com,2025-01-03
83,Dyanna,Gittose,dgittose2a@whitehouse.gov,2025-11-28
84,Sascha,Detoc,sdetoc2b@go.com,2024-12-19
85,Gaven,Elliker,gelliker2c@meetup.com,2024-04-20
86,Xenos,Chatelet,xchatelet2d@sbwire.com,2025-12-22
87,Tarrance,Twells,ttwells2e@scribd.com,2024-11-29
88,Cindy,Bumfrey,cbumfrey2f@ted.com,2024-10-09
89,Marmaduke,Rocco,mrocco2g@shinystat.com,2024-09-18
90,Sarina,Mingey,smingey2h@feedburner.com,2025-09-13
91,Lizbeth,Quye,lquye2i@etsy.com,2025-01-16
92,Wildon,Heindrich,wheindrich2j@ucoz.com,2024-01-29
93,Conny,Kershow,ckershow2k@barnesandnoble.com,2024-05-26
94,Binny,Casley,bcasley2l@myspace.com,2025-01-28
95,Emmalynne,Cadney,ecadney2m@parallels.com,2025-09-28
96,Rivkah,Tohill,rtohill2n@utexas.edu,2024-07-01
97,Jeffy,Awcock,jawcock2o@symantec.com,2024-12-07
98,Alexandra,Lawranson,alawranson2p@eventbrite.com,2025-11-13
99,Jammal,Radenhurst,jradenhurst2q@macromedia.com,2024-02-15
100,Birk,Licas,blicas2r@unesco.org,2024-01-16
101,Hi,Hatchette,hhatchette2s@pcworld.com,2025-09-09
102,Sky,Flecknell,sflecknell2t@eventbrite.com,2024-01-23
103,Evey,Redihalgh,eredihalgh2u@tmall.com,2024-12-29
104,Bertie,Causton,bcauston2v@g.co,2024-06-26
105,Alfredo,Campany,acampany2w@cnn.com,2025-08-26
106,Xaviera,Spurdon,xspurdon2x@china.com.cn,2024-09-09
107,Ivan,Gisborne,igisborne2y@reverbnation.com,2025-02-08
108,Caril,Landman,clandman2z@twitpic.com,2024-09-29
109,Sabra,Lloyd-Williams,slloydwilliams30@fotki.com,2025-05-27
110,Annabel,Sammars,asammars31@free.fr,2024-11-15
111,Eleanor,O'Grada,eograda32@eepurl.com,2024-04-28
112,Finlay,Ewers,fewers33@cargocollective.com,2025-09-11
113,Clarinda,Bodechon,cbodechon34@hostgator.com,2025-12-14
114,Rowland,Sappell,rsappell35@example.com,2024-08-14
115,Rutledge,O' Quirk,roquirk36@vkontakte.ru,2025-07-11
116,Ashely,Hurn,ahurn37@sbwire.com,2024-04-06
117,Nathanil,Kreber,nkreber38@google.com.hk,2024-04-29
118,Claudie,Tremolieres,ctremolieres39@elegantthemes.com,2024-08-21
119,Ardyce,Gaither,agaither3a@typepad.com,2025-09-20
120,Nolana,Pummell,npummell3b@meetup.com,2025-10-30
121,Stanley,Couroy,scouroy3c@wunderground.com,2025-03-05
122,Freddi,Comiskey,fcomiskey3d@feedburner.com,2025-06-17
123,Dallas,Ameer-Beg,dameerbeg3e@reuters.com,2025-01-14
124,Westbrooke,Goscar,wgoscar3f@taobao.com,2025-12-22
125,Clemens,Van,cvan3g@census.gov,2024-03-29
126,Mellisa,Jamme,mjamme3h@patch.com,2024-12-17
127,Iona,Jelf,ijelf3i@ebay.com,2024-10-12
128,Lexy,Meyrick,lmeyrick3j@aboutads.info,2025-08-18
129,Anatola,McGrail,amcgrail3k@mail.ru,2025-03-27
130,Myrtia,Ferriere,mferriere3l@bravesites.com,2024-03-04
131,Laird,Adamthwaite,ladamthwaite3m@indiegogo.com,2025-02-21
132,Murdoch,Quinnet,mquinnet3n@altervista.org,2024-04-07
133,Sophronia,Camilleri,scamilleri3o@ovh.net,2024-08-07
134,Tobiah,Carillo,tcarillo3p@va.gov,2025-07-06
135,Penn,Mc Grath,pmcgrath3q@sciencedaily.com,2024-01-19
136,Murial,Formie,mformie3r@reuters.com,2024-08-13
137,Joice,Shirtliff,jshirtliff3s@toplist.cz,2025-10-09
138,Derk,Entres,dentres3t@tinyurl.com,2025-07-16
139,Amity,Couper,acouper3u@ask.com,2024-02-07
140,Emily,Hamblen,ehamblen3v@ycombinator.com,2025-03-28
141,Bertine,Praill,bpraill3w@newyorker.com,2025-10-18
142,Gerrie,Trethewey,gtrethewey3x@shareasale.com,2025-07-27
143,Austen,Kilcoyne,akilcoyne3y@example.com,2024-06-26
144,Ferdinande,Fishbourne,ffishbourne3z@shutterfly.com,2025-09-04
145,Cosette,Rumble,crumble40@cnn.com,2025-03-04
146,Sullivan,Tapsfield,stapsfield41@wix.com,2025-10-20
147,Alika,Oller,aoller42@zimbio.com,2024-10-17
148,Helen,De Fries,hdefries43@mit.edu,2024-07-17
149,Susanetta,Standrin,sstandrin44@symantec.com,2025-04-19
150,Jackie,Igonet,jigonet45@state.gov,2024-06-13
151,Shara,Lymer,slymer46@abc.net.au,2024-12-17
152,Nolly,Gilgryst,ngilgryst47@yale.edu,2025-02-02
153,Sancho,Odney,sodney48@statcounter.com,2025-06-17
154,Jocelyne,Stetlye,jstetlye49@addthis.com,2025-12-17
155,Casey,Isakson,cisakson4a@theguardian.com,2024-05-05
156,Tremain,Atwool,tatwool4b@flickr.com,2025-10-25
157,Sharron,Backshill,sbackshill4c@topsy.com,2025-04-21
158,Minetta,Date,mdate4d@dot.gov,2025-08-21
159,Edouard,Iwaszkiewicz,eiwaszkiewicz4e@wunderground.com,2025-05-04
160,Hill,Sherbrooke,hsherbrooke4f@chronoengine.com,2024-04-18
161,Carmel,Brownhill,cbrownhill4g@home.pl,2025-05-19
162,Annabelle,McCurtain,amccurtain4h@tripod.com,2024-05-19
163,Sidnee,Page,spage4i@parallels.com,2024-09-09
164,Schuyler,Broadhurst,sbroadhurst4j@sphinn.com,2024-01-17
165,Mar,Cooper,mcooper4k@elpais.com,2025-05-15
166,Brant,Le Quesne,blequesne4l@myspace.com,2024-05-05
167,Mickie,Crimmins,mcrimmins4m@nydailynews.com,2024-09-02
168,Sada,Gofforth,sgofforth4n@liveinternet.ru,2025-10-21
169,Roderic,Stanyard,rstanyard4o@marriott.com,2025-07-01
170,Marisa,Cudby,mcudby4p@oracle.com,2024-10-17
171,Aleece,Pays,apays4q@bluehost.com,2024-06-18
172,Laura,Sogg,lsogg4r@ft.com,2025-12-10
173,Raynell,Mahedy,rmahedy4s@delicious.com,2024-03-16
174,Nicole,Andrat,nandrat4t@si.edu,2025-06-05
175,Vincent,Wallace,vwallace4u@epa.gov,2024-08-01
176,Denice,Klimov,dklimov4v@cafepress.com,2025-03-08
177,Susanetta,Furman,sfurman4w@hao123.com,2025-05-15
178,Randell,Peete,rpeete4x@bbc.co.uk,2024-04-16
179,Rosana,Clogg,rclogg4y@wisc.edu,2024-04-09
180,Jordan,Trenoweth,jtrenoweth4z@statcounter.com,2025-12-18
181,Gal,Ferran,gferran50@adobe.com,2025-10-28
182,Klarrisa,Marlor,kmarlor51@mlb.com,2025-07-22
183,Georgie,Kemme,gkemme52@alexa.com,2025-05-12
184,Theodor,Thonger,tthonger53@imdb.com,2025-11-29
185,Hillier,Marmion,hmarmion54@nytimes.com,2024-01-31
186,Fredric,Sapseed,fsapseed55@census.gov,2025-07-29
187,Ivy,McCarty,imccarty56@shop-pro.jp,2025-01-02
188,Haslett,Ganford,hganford57@skype.com,2024-05-05
189,Margot,Bayley,mbayley58@nbcnews.com,2024-08-20
190,Noam,Tregunna,ntregunna59@networksolutions.com,2025-05-29
191,Nickola,Cuthbertson,ncuthbertson5a@virginia.edu,2024-10-06
192,Kailey,Pennazzi,kpennazzi5b@businessinsider.com,2024-03-17
193,Frederick,Kennard,fkennard5c@comsenz.com,2025-06-02
194,Tiffany,Mirfin,tmirfin5d@creativecommons.org,2025-02-11
195,Mathian,Pidler,mpidler5e@virginia.edu,2025-10-14
196,Gabie,Bavin,gbavin5f@newsvine.com,2024-11-22
197,Rebbecca,Gier,rgier5g@irs.gov,2024-04-22
198,Darnall,Hackinge,dhackinge5h@themeforest.net,2024-03-09
199,Joanna,Gotliffe,jgotliffe5i@independent.co.uk,2024-03-03
200,Elene,Boneham,eboneham5j@example.com,2025-10-06
201,Tailor,Bellam,tbellam5k@nifty.com,2024-08-23
202,Dianemarie,Hawkin,dhawkin5l@360.cn,2024-12-24
203,Laney,Fenelow,lfenelow5m@youku.com,2024-07-25
204,Rosmunda,Casserly,rcasserly5n@japanpost.jp,2025-07-28
205,Chevy,Hathorn,chathorn5o@wsj.com,2025-09-26
206,Nil,Arnowicz,narnowicz5p@hc360.com,2025-09-13
207,Geoffry,Bunney,gbunney5q@nytimes.com,2025-11-06
208,Carmelina,Monroe,cmonroe5r@tmall.com,2024-04-30
209,Ibby,Challenor,ichallenor5s@weather.com,2024-09-14
210,Filberte,Fodden,ffodden5t@bluehost.com,2025-11-01
211,Kay,McKeown,kmckeown5u@skyrock.com,2024-04-26
212,Husain,Kinchlea,hkinchlea5v@ebay.com,2025-11-23
213,Butch,Blowne,bblowne5w@twitpic.com,2025-07-03
214,Sharity,McConnel,smcconnel5x@bizjournals.com,2025-05-12
215,Leslie,Chidwick,lchidwick5y@foxnews.com,2024-02-28
216,Teriann,Lippiatt,tlippiatt5z@bluehost.com,2024-07-31
217,Bryn,Worthing,bworthing60@vk.com,2024-08-13
218,Neal,Skittrall,nskittrall61@weebly.com,2025-01-11
219,Tully,Hanington,thanington62@independent.co.uk,2024-06-24
220,Quintana,Blankau,qblankau63@lulu.com,2025-04-11
221,Seline,Pickrill,spickrill64@merriam-webster.com,2025-11-21
222,Adolf,Malmar,amalmar65@nih.gov,2025-10-24
223,Rivalee,Coolican,rcoolican66@blogspot.com,2025-09-14
224,Morty,Oliphard,moliphard67@globo.com,2024-03-11
225,Chiquia,Sibley,csibley68@vkontakte.ru,2025-02-02
226,Gretna,Kruse,gkruse69@fema.gov,2025-01-06
227,Rosy,Willavoys,rwillavoys6a@examiner.com,2024-07-14
228,Kenyon,Skule,kskule6b@last.fm,2025-08-18
229,Annelise,Aird,aaird6c@google.cn,2025-05-02
230,Sly,Legonidec,slegonidec6d@kickstarter.com,2025-06-18
231,Debee,Cafferky,dcafferky6e@cbslocal.com,2025-07-25
232,Nalani,Udey,nudey6f@addthis.com,2024-01-26
233,Elroy,Gorgl,egorgl6g@washingtonpost.com,2024-09-14
234,Enrica,Preedy,epreedy6h@nytimes.com,2024-07-02
235,Renard,McKeran,rmckeran6i@hubpages.com,2025-02-17
236,Ursala,Foord,ufoord6j@census.gov,2024-06-23
237,Joletta,Ysson,jysson6k@nbcnews.com,2025-11-23
238,Letti,Dungay,ldungay6l@gov.uk,2024-02-12
239,Florida,Daugherty,fdaugherty6m@eventbrite.com,2024-06-21
240,Patrizio,Norheny,pnorheny6n@statcounter.com,2025-09-12
241,Bryan,Troctor,btroctor6o@xrea.com,2025-02-19
242,Alleyn,Stichall,astichall6p@blinklist.com,2024-09-24
243,Buck,Buckleigh,bbuckleigh6q@free.fr,2024-01-06
244,Conn,Hancox,chancox6r@cnn.com,2025-12-01
245,Ursulina,Dinsmore,udinsmore6s@thetimes.co.uk,2024-09-26
246,Bridget,Cowely,bcowely6t@histats.com,2024-04-08
247,Tiphany,Landon,tlandon6u@nps.gov,2024-10-09
248,Martainn,Goublier,mgoublier6v@symantec.com,2025-01-04
249,Nikita,Dales,ndales6w@hatena.ne.jp,2024-09-19
250,Ofella,Ralfe,oralfe6x@dell.com,2024-01-21
251,Dahlia,Simpole,dsimpole6y@freewebs.com,2024-03-03
252,Kahaleel,Kenna,kkenna6z@google.co.jp,2025-11-04
253,Web,Adamo,wadamo70@reuters.com,2024-02-06
254,Oliviero,Stanfield,ostanfield71@myspace.com,2025-07-17
255,Gaylor,Giabuzzi,ggiabuzzi72@google.co.jp,2025-10-01
256,Hedwiga,Goly,hgoly73@elpais.com,2024-03-15
257,Emory,Ahern,eahern74@infoseek.co.jp,2025-04-28
258,Oby,Westall,owestall75@ucoz.ru,2024-07-22
259,Bennie,O'Scanlon,boscanlon76@forbes.com,2025-10-28
260,Beverly,Mushet,bmushet77@mapquest.com,2025-04-20
261,Gothart,Penman,gpenman78@wix.com,2025-07-05
262,Berna,Snalom,bsnalom79@digg.com,2025-01-13
263,Gabrila,Avramovich,gavramovich7a@bloglines.com,2024-04-02
264,Charmion,Tukely,ctukely7b@indiegogo.com,2024-01-13
265,Quinlan,Stove,qstove7c@mozilla.org,2025-07-20
266,Priscilla,Polak,ppolak7d@networksolutions.com,2025-07-30
267,Berke,Marran,bmarran7e@youtube.com,2025-10-14
268,Beatriz,Atthow,batthow7f@blog.com,2025-10-06
269,Trey,Kippen,tkippen7g@printfriendly.com,2025-03-12
270,Chickie,Wadelin,cwadelin7h@weather.com,2025-12-01
271,Christie,Serraillier,cserraillier7i@sitemeter.com,2024-10-30
272,Britt,Dowding,bdowding7j@drupal.org,2024-07-24
273,Maggy,Clayborn,mclayborn7k@un.org,2024-12-30
274,Loren,Mansell,lmansell7l@aboutads.info,2025-03-25
275,Marena,Ianilli,mianilli7m@un.org,2024-09-11
276,Brodie,Petschelt,bpetschelt7n@shop-pro.jp,2025-09-13
277,Camile,Aish,caish7o@cdc.gov,2024-09-14
278,Aigneis,Thomsson,athomsson7p@livejournal.com,2024-11-02
279,Isabelle,Bartoszek,ibartoszek7q@blogs.com,2024-06-22
280,Gregor,Molloy,gmolloy7r@spotify.com,2024-10-05
281,Ham,Scannell,hscannell7s@printfriendly.com,2025-04-17
282,Munroe,Jakubowsky,mjakubowsky7t@weibo.com,2025-09-08
283,Michal,Calcutt,mcalcutt7u@mozilla.org,2025-04-25
284,Dillon,Polini,dpolini7v@hhs.gov,2024-03-29
285,Quincy,Gatcliff,qgatcliff7w@intel.com,2024-09-07
286,Norah,Devigne,ndevigne7x@cdbaby.com,2025-12-02
287,Lawry,McGavigan,lmcgavigan7y@examiner.com,2024-01-28
288,Ferguson,Inger,finger7z@nifty.com,2024-02-26
289,Stacee,Applin,sapplin80@wikimedia.org,2025-05-30
290,Mildrid,Jeste,mjeste81@bigcartel.com,2024-08-08
291,Randie,Beecroft,rbeecroft82@wp.com,2025-10-18
292,Galen,Quarry,gquarry83@seesaa.net,2024-01-05
293,Inger,Gunson,igunson84@facebook.com,2024-09-05
294,Venita,Hailston,vhailston85@examiner.com,2025-11-09
295,Del,Boothe,dboothe86@digg.com,2024-12-02
296,Lenard,Bendin,lbendin87@unc.edu,2025-01-03
297,Cecilius,Atty,catty88@is.gd,2024-02-25
298,Kayle,Bidewell,kbidewell89@sina.com.cn,2024-11-27
299,Jesus,Avann,javann8a@ibm.com,2025-03-26
300,Rhodia,Jannequin,rjannequin8b@theglobeandmail.com,2024-07-25
301,Lina,Fitkin,lfitkin8c@arstechnica.com,2024-07-04
302,Corrine,Wilsdon,cwilsdon8d@gravatar.com,2024-04-29
303,Erick,Seakin,eseakin8e@tiny.cc,2024-01-25
304,Mureil,Friary,mfriary8f@photobucket.com,2024-11-26
305,Michael,Lademann,mlademann8g@mediafire.com,2024-03-28
306,Loleta,Scrivener,lscrivener8h@vinaora.com,2025-08-14
307,Gustavo,Lacroux,glacroux8i@imageshack.us,2025-10-14
308,Audra,Grasner,agrasner8j@i2i.jp,2025-05-12
309,Noel,Rowatt,nrowatt8k@google.cn,2024-02-13
310,Reynold,Fuidge,rfuidge8l@europa.eu,2024-03-10
311,Jayme,Darrington,jdarrington8m@sciencedaily.com,2024-12-30
312,Maris,Paulot,mpaulot8n@w3.org,2025-09-01
313,Thoma,Poltun,tpoltun8o@jalbum.net,2024-04-16
314,Maudie,Benallack,mbenallack8p@vistaprint.com,2025-01-25
315,Kellie,Buckingham,kbuckingham8q@shop-pro.jp,2024-02-11
316,Stephanus,Becke,sbecke8r@arizona.edu,2025-09-26
317,Tatum,Wenger,twenger8s@plala.or.jp,2025-03-20
318,Kelly,Hort,khort8t@ezinearticles.com,2025-05-08
319,Danyette,Penylton,dpenylton8u@ucla.edu,2024-11-21
320,Laryssa,Kemet,lkemet8v@virginia.edu,2025-08-03
321,Leopold,Tourry,ltourry8w@dyndns.org,2025-10-04
322,Mordy,Hankin,mhankin8x@google.com.hk,2024-10-07
323,Derry,Hudel,dhudel8y@feedburner.com,2025-07-02
324,Lexie,Parzizek,lparzizek8z@sciencedaily.com,2025-12-01
325,Analiese,Quadling,aquadling90@kickstarter.com,2024-05-17
326,Ailbert,Arnauduc,aarnauduc91@nps.gov,2025-05-30
327,Gussi,Mea,gmea92@weibo.com,2024-07-22
328,Frazer,Clackson,fclackson93@cnet.com,2025-09-18
329,Thom,Busk,tbusk94@timesonline.co.uk,2025-03-17
330,Julietta,Tocqueville,jtocqueville95@google.nl,2024-05-21
331,Koral,Eccles,keccles96@chicagotribune.com,2025-06-11
332,Sascha,Casey,scasey97@newyorker.com,2025-11-26
333,Domingo,Frary,dfrary98@unblog.fr,2025-09-07
334,Ramsay,Tomet,rtomet99@xrea.com,2025-12-26
335,Hastie,Brandolini,hbrandolini9a@ftc.gov,2024-05-18
336,Etan,Itshak,eitshak9b@behance.net,2025-12-23
337,Frants,Polly,fpolly9c@hp.com,2025-11-06
338,Hewett,Dorow,hdorow9d@icq.com,2025-03-13
339,Norry,Van Der Walt,nvanderwalt9e@sina.com.cn,2024-10-12
340,Davidson,Blackie,dblackie9f@acquirethisname.com,2024-07-05
341,Mirabel,Yerill,myerill9g@domainmarket.com,2025-10-30
342,Nan,Faas,nfaas9h@google.fr,2024-12-10
343,Sigismondo,Pavier,spavier9i@timesonline.co.uk,2024-07-17
344,Chalmers,Cowperthwaite,ccowperthwaite9j@123-reg.co.uk,2025-01-12
345,Lethia,Hallatt,lhallatt9k@cnn.com,2024-03-04
346,Beltran,Nowland,bnowland9l@stanford.edu,2025-09-17
347,Crissie,Sterling,csterling9m@taobao.com,2025-09-08
348,Jamison,Waterstone,jwaterstone9n@ehow.com,2024-02-01
349,Tamara,Jerrans,tjerrans9o@geocities.jp,2025-04-27
350,Sherm,Bouda,sbouda9p@soup.io,2025-10-09
351,Lev,Rantoull,lrantoull9q@rambler.ru,2024-08-23
352,Aili,Castelain,acastelain9r@soup.io,2024-03-28
353,Kerk,Leitch,kleitch9s@army.mil,2024-01-22
354,Henka,Braddock,hbraddock9t@forbes.com,2024-04-20
355,Gerry,Baggs,gbaggs9u@parallels.com,2025-12-15
356,Shana,Foley,sfoley9v@washingtonpost.com,2024-01-22
357,Mahmoud,Morais,mmorais9w@jugem.jp,2024-12-19
358,Blondell,Garci,bgarci9x@topsy.com,2025-04-18
359,Fiona,Giovannazzi,fgiovannazzi9y@mashable.com,2024-07-07
360,Jehanna,Clucas,jclucas9z@timesonline.co.uk,2025-04-17
361,Deeanne,Southeran,dsoutherana0@dion.ne.jp,2024-04-04
362,Worthington,Cressy,wcressya1@123-reg.co.uk,2024-04-27
363,Brittany,Baltzar,bbaltzara2@upenn.edu,2024-09-02
364,Vivianne,Cerman,vcermana3@hexun.com,2024-04-14
365,Mercie,Bastock,mbastocka4@canalblog.com,2025-10-11
366,Gertrude,Huckerby,ghuckerbya5@arstechnica.com,2024-10-12
367,Tad,Wadlow,twadlowa6@rakuten.co.jp,2024-04-16
368,Norma,Mousdall,nmousdalla7@google.pl,2025-02-15
369,Ingunna,Runge,irungea8@reddit.com,2024-11-22
370,Candice,Dandy,cdandya9@google.com,2025-06-27
371,Rodd,Aujean,raujeanaa@fda.gov,2025-04-05
372,Bradford,Nelligan,bnelliganab@abc.net.au,2024-04-07
373,Llewellyn,Reid,lreidac@uol.com.br,2025-08-27
374,Tara,Abrey,tabreyad@lulu.com,2025-10-31
375,Anjanette,Parell,aparellae@amazon.de,2024-09-09
376,Winslow,Conichie,wconichieaf@hibu.com,2024-06-03
377,Vincents,Patron,vpatronag@example.com,2024-09-04
378,Hirsch,Skule,hskuleah@washingtonpost.com,2024-04-27
379,Belva,Woodroff,bwoodroffai@sourceforge.net,2025-09-20
380,Shannan,Riggeard,sriggeardaj@netvibes.com,2025-09-24
381,Morgana,Toulson,mtoulsonak@w3.org,2024-08-03
382,Courtenay,Eilert,ceilertal@adobe.com,2024-10-13
383,Fan,Tomasoni,ftomasoniam@dmoz.org,2025-09-25
384,Sybilla,Menaul,smenaulan@wufoo.com,2024-01-26
385,Annabella,Renvoise,arenvoiseao@deliciousdays.com,2024-09-04
386,Lizbeth,McGeachey,lmcgeacheyap@diigo.com,2025-11-22
387,Dewey,Dagnall,ddagnallaq@tamu.edu,2025-10-18
388,Jean,Goldthorpe,jgoldthorpear@sourceforge.net,2025-08-04
389,Brigg,Heibl,bheiblas@chicagotribune.com,2024-12-11
390,Hobard,Cuncarr,hcuncarrat@angelfire.com,2025-11-04
391,Irv,Slowley,islowleyau@marriott.com,2025-05-26
392,Devin,Benyan,dbenyanav@google.fr,2024-09-26
393,Gaven,Bushell,gbushellaw@over-blog.com,2025-12-02
394,Purcell,Killeley,pkilleleyax@digg.com,2024-07-26
395,Aloin,Braim,abraimay@exblog.jp,2025-09-12
396,Bartolomeo,Coudray,bcoudrayaz@xing.com,2024-01-04
397,Brandon,Kensitt,bkensittb0@etsy.com,2025-03-17
398,Jeannine,Lurriman,jlurrimanb1@nydailynews.com,2024-09-27
399,Aldis,Tiebe,atiebeb2@arizona.edu,2025-08-25
400,Raine,Budding,rbuddingb3@phpbb.com,2025-09-14
401,Karee,Labbett,klabbettb4@mail.ru,2025-04-13
402,Pammie,Croci,pcrocib5@topsy.com,2025-02-14
403,Janella,Boldison,jboldisonb6@theglobeandmail.com,2024-05-24
404,Ernst,Crocket,ecrocketb7@jiathis.com,2024-03-28
405,Nissa,Saffell,nsaffellb8@biblegateway.com,2024-07-02
406,Joell,Bicker,jbickerb9@chicagotribune.com,2024-11-11
407,Sioux,Keaysell,skeaysellba@cafepress.com,2024-07-06
408,Juditha,Brookhouse,jbrookhousebb@wiley.com,2024-07-14
409,Wilek,Triggs,wtriggsbc@taobao.com,2025-01-25
410,Nanny,Cardew,ncardewbd@ucoz.com,2024-09-12
411,Cornela,Garnham,cgarnhambe@sitemeter.com,2025-05-31
412,Matias,Victory,mvictorybf@a8.net,2024-10-06
413,Rozina,Consterdine,rconsterdinebg@fc2.com,2024-03-20
414,Dyann,Aloway,dalowaybh@ftc.gov,2024-01-28
415,Lionello,Jellicorse,ljellicorsebi@meetup.com,2025-04-27
416,Myrlene,Mabbett,mmabbettbj@ifeng.com,2025-07-10
417,Eden,Renne,erennebk@economist.com,2024-08-24
418,Thaddeus,Bruhnke,tbruhnkebl@independent.co.uk,2024-09-14
419,Karil,Hankey,khankeybm@meetup.com,2025-09-14
420,Foster,Pinsent,fpinsentbn@pcworld.com,2024-11-07
421,Jolene,Camell,jcamellbo@google.ru,2025-06-15
422,Bertha,Salling,bsallingbp@chronoengine.com,2025-01-03
423,Dionis,Perch,dperchbq@baidu.com,2025-07-30
424,Lorna,Blakeman,lblakemanbr@statcounter.com,2025-08-09
425,Burg,Snepp,bsneppbs@pagesperso-orange.fr,2024-03-01
426,Johnny,Faust,jfaustbt@gmpg.org,2024-01-04
427,Isac,Elintune,ielintunebu@mediafire.com,2024-07-22
428,Lind,Sandbrook,lsandbrookbv@who.int,2025-11-18
429,Nicole,Stockton,nstocktonbw@oakley.com,2025-02-11
430,Pru,Abramowitz,pabramowitzbx@constantcontact.com,2024-07-25
431,Zachariah,Panter,zpanterby@artisteer.com,2025-05-28
432,Angeline,Lynthal,alynthalbz@hhs.gov,2025-07-20
433,Christen,Facchini,cfacchinic0@yale.edu,2025-12-07
434,Olag,Broseman,obrosemanc1@prnewswire.com,2025-01-28
435,Betteanne,Marks,bmarksc2@cdbaby.com,2025-10-06
436,Ericha,Burnsall,eburnsallc3@home.pl,2024-02-07
437,Nilson,Sheddan,nsheddanc4@gizmodo.com,2025-08-17
438,Gwenni,Trunchion,gtrunchionc5@smugmug.com,2024-01-31
439,Vinson,Freeburn,vfreeburnc6@e-recht24.de,2024-09-19
440,Neysa,Ollivierre,nollivierrec7@tripadvisor.com,2024-04-10
441,Simmonds,Rigler,sriglerc8@dion.ne.jp,2024-10-07
442,Maribeth,Michal,mmichalc9@google.ru,2025-07-01
443,Bernhard,Ashbrook,bashbrookca@seattletimes.com,2025-03-03
444,Gradeigh,Pray,gpraycb@creativecommons.org,2025-05-05
445,Sidnee,Gowen,sgowencc@elegantthemes.com,2024-06-11
446,Rowen,Byrne,rbyrnecd@indiatimes.com,2025-02-20
447,Aharon,Matuszynski,amatuszynskice@a8.net,2024-09-07
448,Verney,Ortmann,vortmanncf@symantec.com,2024-03-20
449,Shara,Woodwin,swoodwincg@storify.com,2025-12-19
450,Raffaello,Ganiclef,rganiclefch@pcworld.com,2025-07-15
451,Rodina,Dudmarsh,rdudmarshci@blogspot.com,2024-01-05
452,Frazier,Kitchinham,fkitchinhamcj@foxnews.com,2024-10-07
453,Chery,Yuryatin,cyuryatinck@geocities.com,2024-12-09
454,Trescha,Parradine,tparradinecl@virginia.edu,2025-04-05
455,Eada,Brookson,ebrooksoncm@blogs.com,2025-10-01
456,Schuyler,St Clair,sstclaircn@posterous.com,2024-06-12
457,Tabbatha,Clemmow,tclemmowco@simplemachines.org,2025-03-26
458,Buckie,Guymer,bguymercp@google.es,2025-01-08
459,Steward,Snape,ssnapecq@fc2.com,2024-12-27
460,Christen,Bonhan,cbonhancr@i2i.jp,2024-09-23
461,Allyson,Meaden,ameadencs@dropbox.com,2025-08-22
462,Montgomery,Cunningham,mcunninghamct@who.int,2025-09-11
463,Theda,Hinkens,thinkenscu@independent.co.uk,2024-02-24
464,Quintus,Greenside,qgreensidecv@wsj.com,2025-04-13
465,Birk,Shovelin,bshovelincw@woothemes.com,2025-02-15
466,Amye,De Rye Barrett,aderyebarrettcx@yelp.com,2025-12-13
467,Dorelle,Stather,dstathercy@cnet.com,2024-06-20
468,Leilah,Pena,lpenacz@drupal.org,2025-12-30
469,Don,Twinberrow,dtwinberrowd0@economist.com,2024-10-21
470,Gilberta,Ziemsen,gziemsend1@de.vu,2024-06-01
471,Shae,Leiden,sleidend2@fc2.com,2024-03-16
472,Jacquelynn,Jagger,jjaggerd3@is.gd,2025-06-15
473,Meyer,Pennetti,mpennettid4@networkadvertising.org,2025-11-16
474,Raven,Wildor,rwildord5@sitemeter.com,2025-08-08
475,Bondon,Nanninini,bnannininid6@tripadvisor.com,2025-04-20
476,Ettore,Playford,eplayfordd7@marketwatch.com,2024-08-23
477,Rudiger,Nicklinson,rnicklinsond8@seattletimes.com,2025-03-15
478,Nata,Vose,nvosed9@163.com,2024-01-01
479,Andy,Izzard,aizzardda@redcross.org,2025-09-13
480,Kile,Carvilla,kcarvilladb@youtu.be,2024-01-02
481,Theodosia,Adanez,tadanezdc@twitpic.com,2024-03-25
482,Sula,Povey,spoveydd@virginia.edu,2025-07-06
483,Morgana,Isakovitch,misakovitchde@chicagotribune.com,2024-02-05
484,Margery,Saurat,msauratdf@noaa.gov,2025-11-01
485,Beverly,Goodredge,bgoodredgedg@unblog.fr,2025-05-30
486,Dalila,Bickmore,dbickmoredh@cnet.com,2025-06-03
487,Stephanie,Ormonde,sormondedi@nhs.uk,2024-07-27
488,Hadria,Brumfitt,hbrumfittdj@jigsy.com,2025-07-06
489,Trisha,Brozsset,tbrozssetdk@businesswire.com,2024-11-11
490,Marylin,Davey,mdaveydl@plala.or.jp,2025-07-03
491,Harp,Bernadzki,hbernadzkidm@dedecms.com,2025-10-14
492,Clare,Worviell,cworvielldn@blogs.com,2025-01-08
493,Brad,Peattie,bpeattiedo@smh.com.au,2025-04-12
494,Yorker,Dempsey,ydempseydp@chicagotribune.com,2025-07-15
495,Hyacintha,St. Quintin,hstquintindq@reverbnation.com,2025-08-17
496,Milton,Kindon,mkindondr@sohu.com,2025-06-24
497,Thea,Rushworth,trushworthds@wikipedia.org,2024-03-12
498,Aurora,Cranfield,acranfielddt@woothemes.com,2024-11-14
499,Bing,Campey,bcampeydu@a8.net,2025-10-30
500,Don,Doley,ddoleydv@bigcartel.com,2024-04-04
501,Nicole,Mawson,nmawsondw@g.co,2024-05-08
502,Hilde,Pumfrett,hpumfrettdx@exblog.jp,2024-01-21
503,Reginauld,Crowson,rcrowsondy@unicef.org,2025-01-17
504,Cleopatra,Kenworthey,ckenwortheydz@jugem.jp,2024-02-17
505,Killie,Challenor,kchallenore0@earthlink.net,2024-10-01
506,Frederigo,Labroue,flabrouee1@wikispaces.com,2024-11-11
507,Piggy,Trever,ptrevere2@tripod.com,2024-10-01
508,Phillie,Grim,pgrime3@nasa.gov,2025-01-20
509,Meyer,Catterell,mcatterelle4@goodreads.com,2024-02-06
510,Sondra,Guidetti,sguidettie5@wp.com,2025-10-18
511,Benoite,Lakeland,blakelande6@zimbio.com,2024-04-17
512,Dame,Clipsham,dclipshame7@cornell.edu,2025-09-28
513,Silvano,Dowears,sdowearse8@mapquest.com,2024-01-24
514,Joseito,Liepina,jliepinae9@nydailynews.com,2024-03-07
515,Rocky,Odell,rodellea@google.cn,2025-11-23
516,Benji,Silveston,bsilvestoneb@edublogs.org,2024-02-14
517,Nolan,Camerello,ncamerelloec@acquirethisname.com,2025-10-21
518,Page,Bensley,pbensleyed@icio.us,2025-09-13
519,Kara,Starmore,kstarmoreee@gnu.org,2024-11-04
520,Emmalynne,Bente,ebenteef@phpbb.com,2024-11-07
521,Geneva,Casine,gcasineeg@about.com,2024-03-09
522,Cord,Lamar,clamareh@sourceforge.net,2024-05-15
523,Mycah,Few,mfewei@edublogs.org,2025-06-26
524,Terrell,Shave,tshaveej@nature.com,2025-05-04
525,Briana,Stancer,bstancerek@huffingtonpost.com,2025-10-06
526,Farlay,Bissex,fbissexel@cmu.edu,2025-08-28
527,Nananne,Ibbett,nibbettem@ehow.com,2025-12-22
528,Yurik,Illes,yillesen@fotki.com,2025-05-16
529,Base,Guiel,bguieleo@spiegel.de,2024-12-18
530,Joletta,Poundford,jpoundfordep@jigsy.com,2024-10-31
531,Garold,Baxstar,gbaxstareq@blog.com,2025-11-12
532,Regen,Yakubowicz,ryakubowiczer@thetimes.co.uk,2025-03-25
533,Kimmie,Ragate,kragatees@columbia.edu,2024-11-04
534,Magdalena,Chamberlen,mchamberlenet@nationalgeographic.com,2024-11-19
535,Wainwright,Mayworth,wmaywortheu@bing.com,2025-06-19
536,Thomasina,Robbeke,trobbekeev@ca.gov,2024-03-11
537,Margie,Spurgeon,mspurgeonew@e-recht24.de,2024-08-07
538,Amandie,Olek,aolekex@huffingtonpost.com,2025-04-01
539,Annabell,Nickerson,anickersoney@bluehost.com,2025-08-07
540,Oliy,Brea,obreaez@unesco.org,2024-09-23
541,Taylor,Jillett,tjillettf0@ted.com,2025-03-17
542,Derk,Elphinstone,delphinstonef1@yahoo.co.jp,2024-06-07
543,Marwin,Whitlam,mwhitlamf2@comcast.net,2024-12-31
544,Barby,Willerton,bwillertonf3@pinterest.com,2025-05-14
545,Jaquelyn,Coleson,jcolesonf4@pbs.org,2025-09-08
546,Betsy,Reggiani,breggianif5@paypal.com,2024-07-09
547,Mendy,Tudgay,mtudgayf6@berkeley.edu,2024-06-20
548,Roobbie,Goacher,rgoacherf7@bloomberg.com,2024-02-21
549,Mitch,Dymocke,mdymockef8@hc360.com,2025-06-30
550,Adara,Murdie,amurdief9@wikispaces.com,2024-09-21
551,North,Binham,nbinhamfa@dagondesign.com,2025-09-18
552,Helen-elizabeth,Tattersill,htattersillfb@addthis.com,2025-03-15
553,Kristen,Pestor,kpestorfc@jigsy.com,2024-07-17
554,Burke,Duckfield,bduckfieldfd@imgur.com,2025-07-07
555,Sherwynd,Lonergan,slonerganfe@blogs.com,2024-06-13
556,Jobie,Mockett,jmockettff@time.com,2025-03-09
557,Merle,O'Hartigan,mohartiganfg@photobucket.com,2024-02-03
558,Keen,Margach,kmargachfh@craigslist.org,2025-11-14
559,Euphemia,Dimitrijevic,edimitrijevicfi@goo.ne.jp,2025-10-20
560,Dorothy,Foulgham,dfoulghamfj@qq.com,2024-05-09
561,Dori,Nisby,dnisbyfk@pen.io,2024-10-06
562,Ted,Le Moucheux,tlemoucheuxfl@webs.com,2025-10-09
563,Libbi,Besse,lbessefm@cnet.com,2024-04-15
564,Dynah,Oxbrow,doxbrowfn@europa.eu,2025-11-29
565,Antonina,Losty,alostyfo@wiley.com,2024-06-23
566,Patin,Freschi,pfreschifp@usnews.com,2024-04-09
567,Kenyon,Scruby,kscrubyfq@sbwire.com,2024-07-16
568,Mari,Filby,mfilbyfr@amazon.de,2024-09-10
569,Deanna,Alfonzo,dalfonzofs@prnewswire.com,2025-10-12
570,Euell,Cleevely,ecleevelyft@networksolutions.com,2024-07-26
571,Vanny,Mattersey,vmatterseyfu@angelfire.com,2024-07-10
572,Melvin,Craister,mcraisterfv@google.fr,2025-07-07
573,Rosalyn,Scutter,rscutterfw@miitbeian.gov.cn,2024-05-13
574,Victoria,Cortnay,vcortnayfx@ca.gov,2025-01-19
575,Minette,Prys,mprysfy@indiegogo.com,2025-11-10
576,Jayme,Scutcheon,jscutcheonfz@163.com,2025-07-18
577,Ajay,Martensen,amartenseng0@list-manage.com,2025-01-19
578,Dixie,Padrick,dpadrickg1@vinaora.com,2024-07-21
579,Rozele,Mattys,rmattysg2@blinklist.com,2024-10-23
580,Rip,Measom,rmeasomg3@aboutads.info,2025-03-12
581,Alonso,Frigout,afrigoutg4@nydailynews.com,2024-12-16
582,Kimble,Godbolt,kgodboltg5@arstechnica.com,2024-05-11
583,Pernell,Pearton,ppeartong6@studiopress.com,2024-12-20
584,Rhodia,Itzkovitch,ritzkovitchg7@google.fr,2025-08-21
585,Manda,Franies,mfraniesg8@livejournal.com,2025-07-31
586,Randi,Esley,resleyg9@miitbeian.gov.cn,2025-07-26
587,Frazier,Tather,ftatherga@businesswire.com,2024-10-25
588,Monty,Malim,mmalimgb@utexas.edu,2025-03-01
589,Elisabet,Passion,epassiongc@cocolog-nifty.com,2024-11-29
590,Antoinette,Barrott,abarrottgd@fda.gov,2025-02-19
591,Matilda,Housin,mhousinge@tripadvisor.com,2024-08-23
592,Claudina,Minto,cmintogf@soundcloud.com,2024-06-05
593,Bonny,Humfrey,bhumfreygg@phpbb.com,2025-08-03
594,Linn,Biggins,lbigginsgh@cbc.ca,2025-06-24
595,Carlotta,Kruszelnicki,ckruszelnickigi@reddit.com,2025-12-17
596,Drew,Kilmartin,dkilmartingj@nsw.gov.au,2025-12-15
597,Korey,Redford,kredfordgk@ycombinator.com,2025-08-18
598,Sascha,Boddam,sboddamgl@webs.com,2025-08-12
599,Ekaterina,Richardes,erichardesgm@imdb.com,2024-09-07
600,Adeline,Lettsom,alettsomgn@columbia.edu,2025-11-06
601,Aharon,Howen,ahowengo@ucla.edu,2024-07-24
602,Somerset,Wildman,swildmangp@mtv.com,2025-01-18
603,Kacie,Hastelow,khastelowgq@flickr.com,2025-05-27
604,Fanya,Hawkshaw,fhawkshawgr@blogspot.com,2024-04-11
605,Shawn,Bines,sbinesgs@taobao.com,2024-07-20
606,Tyler,Endricci,tendriccigt@hugedomains.com,2025-03-23
607,Toddy,Tresvina,ttresvinagu@shareasale.com,2025-06-18
608,Bent,Bocock,bbocockgv@booking.com,2024-12-31
609,Demetrius,Montacute,dmontacutegw@paginegialle.it,2025-05-04
610,Myrtice,Roll,mrollgx@drupal.org,2025-05-06
611,Fern,Haddleton,fhaddletongy@europa.eu,2024-11-27
612,Annamaria,Scutchin,ascutchingz@ihg.com,2025-06-27
613,Teirtza,Aslen,taslenh0@thetimes.co.uk,2025-01-02
614,Alvira,Nayshe,anaysheh1@patch.com,2025-06-28
615,Alayne,Braunfeld,abraunfeldh2@cbslocal.com,2025-04-03
616,Grethel,Neeson,gneesonh3@feedburner.com,2025-05-14
617,Erminie,Penniall,epenniallh4@cafepress.com,2025-05-02
618,Claudetta,Sides,csidesh5@seattletimes.com,2024-04-18
619,Andrea,Annatt,aannatth6@flavors.me,2024-06-17
620,Dimitri,McClay,dmcclayh7@usatoday.com,2024-04-19
621,Calhoun,Honeywood,choneywoodh8@nba.com,2025-09-14
622,Leonidas,Gwynne,lgwynneh9@ustream.tv,2025-06-13
623,Norrie,Drennan,ndrennanha@princeton.edu,2025-10-27
624,Alexandre,Nardoni,anardonihb@uiuc.edu,2025-08-09
625,Dave,O' Kelleher,dokelleherhc@gizmodo.com,2025-02-13
626,Hartley,Heinig,hheinighd@miibeian.gov.cn,2025-08-13
627,Gussy,Swadlinge,gswadlingehe@springer.com,2024-09-19
628,Cathy,Rolfi,crolfihf@fastcompany.com,2024-01-10
629,Darell,Andreasson,dandreassonhg@yolasite.com,2025-07-19
630,Ashlin,Tulloch,atullochhh@yelp.com,2024-06-16
631,Shepperd,Sulland,ssullandhi@wikia.com,2025-06-23
632,Rhody,Nieass,rnieasshj@cam.ac.uk,2025-06-18
633,Meade,Cotterrill,mcotterrillhk@bluehost.com,2025-03-19
634,Barbabra,Fieldsend,bfieldsendhl@ocn.ne.jp,2024-07-03
635,Kilian,Yakovliv,kyakovlivhm@seattletimes.com,2024-06-07
636,Coralie,O'Tierney,cotierneyhn@dailymail.co.uk,2025-04-08
637,Jo ann,Boldero,jbolderoho@blog.com,2025-03-17
638,Karen,Deesly,kdeeslyhp@photobucket.com,2024-05-21
639,Bernete,Tristram,btristramhq@nba.com,2024-01-31
640,Orion,Omond,oomondhr@jigsy.com,2025-09-09
641,Sergent,Schulkins,sschulkinshs@soup.io,2025-05-31
642,Viv,Edlyne,vedlyneht@flickr.com,2025-11-23
643,Sigvard,Pandey,spandeyhu@kickstarter.com,2024-06-06
644,Ardelle,Berka,aberkahv@hhs.gov,2024-07-16
645,Shelbi,Jouen,sjouenhw@abc.net.au,2025-11-10
646,Kayley,Camosso,kcamossohx@weather.com,2025-04-26
647,Correna,Hobben,chobbenhy@salon.com,2025-11-28
648,Aylmar,Fish,afishhz@newyorker.com,2025-08-08
649,Gretta,Robel,grobeli0@google.nl,2025-10-27
650,Ilysa,Rosenthaler,irosenthaleri1@de.vu,2025-04-22
651,Kathie,Ribbon,kribboni2@360.cn,2025-03-16
652,Thibaut,Reinisch,treinischi3@ehow.com,2024-12-16
653,Tasia,McPhillips,tmcphillipsi4@cyberchimps.com,2024-10-09
654,Thea,Slemming,tslemmingi5@creativecommons.org,2024-05-01
655,Janaya,Gerson,jgersoni6@gmpg.org,2025-03-17
656,Terrye,Overton,tovertoni7@icio.us,2024-06-08
657,Obidiah,Millwall,omillwalli8@amazon.co.jp,2024-09-04
658,Gerti,Spadotto,gspadottoi9@bizjournals.com,2024-04-04
659,Guinna,Jailler,gjailleria@vkontakte.ru,2025-08-21
660,Serene,Smeeth,ssmeethib@foxnews.com,2024-07-03
661,Binny,Jobin,bjobinic@mayoclinic.com,2025-07-02
662,Franny,Sherman,fshermanid@goo.ne.jp,2024-05-16
663,Rosana,Buckoke,rbuckokeie@zdnet.com,2024-06-03
664,Kristofer,Trouncer,ktrouncerif@washington.edu,2025-04-09
665,Germain,Look,glookig@slate.com,2025-02-11
666,Florie,Kynson,fkynsonih@apache.org,2024-04-12
667,Theda,Duckitt,tduckittii@paypal.com,2024-07-07
668,Tome,Kettle,tkettleij@nsw.gov.au,2025-01-31
669,Toni,Goddard,tgoddardik@netscape.com,2025-12-21
670,Lammond,Llywarch,lllywarchil@studiopress.com,2024-01-09
671,Lesli,Rounds,lroundsim@surveymonkey.com,2024-11-10
672,Ruby,Rodolico,rrodolicoin@nydailynews.com,2025-08-11
673,Estevan,Guiton,eguitonio@histats.com,2025-04-24
674,Merrill,Petley,mpetleyip@etsy.com,2025-03-31
675,Edyth,Shaughnessy,eshaughnessyiq@state.gov,2025-07-26
676,Klarika,Danielou,kdanielouir@squidoo.com,2025-04-24
677,Portie,Klimt,pklimtis@creativecommons.org,2025-01-03
678,Maisie,Benedite,mbenediteit@accuweather.com,2024-09-04
679,Hagen,Gorringe,hgorringeiu@friendfeed.com,2024-04-18
680,Mitzi,Durber,mdurberiv@addtoany.com,2025-07-29
681,Mitchael,Addicott,maddicottiw@goodreads.com,2024-09-24
682,Lanny,Leschelle,lleschelleix@cbc.ca,2024-10-21
683,Gayler,Kinvig,gkinvigiy@networkadvertising.org,2025-08-25
684,Leoine,Whitsun,lwhitsuniz@hatena.ne.jp,2025-05-13
685,Dale,Klimentyonok,dklimentyonokj0@tiny.cc,2024-09-11
686,Karlis,Eaddy,keaddyj1@wsj.com,2025-10-27
687,Obie,Brok,obrokj2@springer.com,2025-03-21
688,Hayyim,Dougher,hdougherj3@hao123.com,2025-12-26
689,Ambrosius,Scanlan,ascanlanj4@zdnet.com,2024-10-25
690,Whitney,Labuschagne,wlabuschagnej5@behance.net,2025-04-21
691,Tades,Cockshot,tcockshotj6@delicious.com,2025-08-05
692,Annadiana,Ferri,aferrij7@vistaprint.com,2024-02-13
693,Jane,Sketcher,jsketcherj8@sphinn.com,2025-01-23
694,Dukie,Climson,dclimsonj9@gizmodo.com,2025-11-17
695,Lilas,Gantzer,lgantzerja@bing.com,2024-12-02
696,Harmon,Reeson,hreesonjb@usa.gov,2024-06-24
697,Filmore,Summers,fsummersjc@usda.gov,2024-07-04
698,Cly,Benyon,cbenyonjd@ca.gov,2024-08-27
699,Virgil,Maudsley,vmaudsleyje@devhub.com,2025-04-01
700,Stanton,O'Scully,soscullyjf@nifty.com,2025-09-04
701,Lesley,Singh,lsinghjg@tiny.cc,2024-07-07
702,Fraze,Motion,fmotionjh@etsy.com,2025-01-09
703,Brannon,Hubbocks,bhubbocksji@booking.com,2024-08-10
704,Geralda,Videler,gvidelerjj@nih.gov,2024-07-18
705,Pete,Petras,ppetrasjk@addtoany.com,2024-02-28
706,Kim,Sheen,ksheenjl@google.pl,2024-04-19
707,Alwyn,Lowery,aloweryjm@hubpages.com,2024-01-20
708,Anders,Ortzen,aortzenjn@g.co,2024-04-16
709,Sibyl,Torri,storrijo@sfgate.com,2025-12-30
710,Conrad,Franceschino,cfranceschinojp@nasa.gov,2025-07-10
711,Margaretha,Pidgeon,mpidgeonjq@mayoclinic.com,2024-10-08
712,Mallory,Houtbie,mhoutbiejr@loc.gov,2024-05-29
713,Flem,Wollard,fwollardjs@e-recht24.de,2024-07-25
714,Liana,Benion,lbenionjt@storify.com,2025-07-01
715,Rabbi,Jacqueminot,rjacqueminotju@topsy.com,2024-12-20
716,Harwell,Gawler,hgawlerjv@1688.com,2025-05-24
717,Robbi,Atty,rattyjw@altervista.org,2024-04-20
718,Dagny,MacCall,dmaccalljx@xrea.com,2025-02-09
719,Adamo,Grandin,agrandinjy@cdc.gov,2024-05-29
720,Tandy,Swalwel,tswalweljz@umich.edu,2025-06-29
721,Gael,Beaushaw,gbeaushawk0@hhs.gov,2024-03-02
722,Kristy,Maffucci,kmaffuccik1@w3.org,2025-08-06
723,Carlene,Tocque,ctocquek2@un.org,2025-06-15
724,Pepi,Hargrave,phargravek3@latimes.com,2024-01-30
725,Jozef,Rosencrantz,jrosencrantzk4@fema.gov,2024-08-08
726,Franny,Stanford,fstanfordk5@artisteer.com,2024-08-25
727,Anneliese,Matuskiewicz,amatuskiewiczk6@deliciousdays.com,2024-09-19
728,Filmore,St. Hill,fsthillk7@google.cn,2024-01-02
729,Gusella,Somerfield,gsomerfieldk8@skyrock.com,2025-01-20
730,Manuel,Poynter,mpoynterk9@uol.com.br,2024-05-11
731,Skippie,Francino,sfrancinoka@odnoklassniki.ru,2025-09-13
732,Reuven,Tombling,rtomblingkb@clickbank.net,2025-04-09
733,Bruis,Gietz,bgietzkc@ca.gov,2025-08-23
734,Leola,Croke,lcrokekd@bing.com,2024-12-03
735,Alika,Arnald,aarnaldke@newyorker.com,2025-09-29
736,Eran,Krollmann,ekrollmannkf@forbes.com,2024-10-28
737,Allsun,Le Floch,aleflochkg@topsy.com,2025-05-02
738,Korella,Ledster,kledsterkh@photobucket.com,2025-08-16
739,Cassandra,Piller,cpillerki@constantcontact.com,2025-09-15
740,Allyn,O'Cooney,aocooneykj@mtv.com,2024-03-23
741,Bernarr,Louch,blouchkk@jigsy.com,2025-06-03
742,Hortensia,Stolworthy,hstolworthykl@kickstarter.com,2025-03-03
743,Katina,Bestwerthick,kbestwerthickkm@economist.com,2025-04-08
744,Louisa,Godsal,lgodsalkn@godaddy.com,2024-03-16
745,Holmes,McGarvey,hmcgarveyko@pbs.org,2025-01-03
746,Lacie,Lumby,llumbykp@pagesperso-orange.fr,2025-10-10
747,Avie,Petric,apetrickq@yale.edu,2025-09-18
748,Davin,Drinkale,ddrinkalekr@mysql.com,2024-06-16
749,Tedda,Fareweather,tfareweatherks@myspace.com,2024-10-29
750,Cully,Parlott,cparlottkt@themeforest.net,2025-09-11
751,Odo,Skett,oskettku@over-blog.com,2025-09-12
752,Pedro,Witherington,pwitheringtonkv@ow.ly,2025-08-21
753,Eberhard,Seif,eseifkw@slideshare.net,2024-07-06
754,Alain,Abisetti,aabisettikx@quantcast.com,2024-04-06
755,Melonie,Plews,mplewsky@cpanel.net,2025-12-07
756,Celesta,Wiltshaw,cwiltshawkz@live.com,2024-10-16
757,Ermentrude,Sandys,esandysl0@msn.com,2024-06-26
758,Jason,Welsby,jwelsbyl1@stanford.edu,2025-11-16
759,Dell,Abbatt,dabbattl2@weebly.com,2025-05-11
760,Evania,Wass,ewassl3@cornell.edu,2024-02-10
761,Kerby,Melin,kmelinl4@tamu.edu,2024-03-11
762,Boris,Fissenden,bfissendenl5@usatoday.com,2025-05-06
763,Jeffie,Tilburn,jtilburnl6@twitter.com,2025-06-28
764,Normand,Hasney,nhasneyl7@hatena.ne.jp,2025-02-12
765,Claire,Fisbey,cfisbeyl8@people.com.cn,2024-01-19
766,Eleonora,Pyecroft,epyecroftl9@networkadvertising.org,2024-12-20
767,Iolanthe,Lorence,ilorencela@google.es,2025-04-09
768,Hazel,Kleinhaut,hkleinhautlb@weather.com,2025-01-31
769,Linnell,Scolts,lscoltslc@163.com,2025-05-26
770,Loren,O'Ferris,loferrisld@adobe.com,2025-08-08
771,Simon,Lawler,slawlerle@va.gov,2024-05-01
772,Athena,Pridie,apridielf@altervista.org,2024-08-01
773,Stanton,Meindl,smeindllg@java.com,2025-07-09
774,Sibbie,Hammerich,shammerichlh@amazon.co.jp,2024-05-17
775,Dannie,Doughtery,ddoughteryli@xinhuanet.com,2024-04-13
776,Carter,Matussov,cmatussovlj@pen.io,2024-07-10
777,Henryetta,Andrzejczak,handrzejczaklk@domainmarket.com,2024-02-18
778,Kelsey,Vennard,kvennardll@vistaprint.com,2025-06-08
779,Rockie,Gurner,rgurnerlm@phpbb.com,2024-08-28
780,Tiphani,Corneil,tcorneilln@baidu.com,2025-11-27
781,Hildagarde,Kippin,hkippinlo@desdev.cn,2025-01-13
782,Wallis,Chisman,wchismanlp@istockphoto.com,2025-12-16
783,Jodi,Darkins,jdarkinslq@opera.com,2024-11-22
784,Bucky,Heningam,bheningamlr@unc.edu,2024-05-07
785,Lee,Brigstock,lbrigstockls@cdbaby.com,2025-08-17
786,Anna-maria,Britton,abrittonlt@bbc.co.uk,2025-10-19
787,Karmen,Skillings,kskillingslu@dedecms.com,2024-07-01
788,Haslett,Philippart,hphilippartlv@deliciousdays.com,2025-02-04
789,Mercy,Marle,mmarlelw@slideshare.net,2024-09-12
790,Claude,Dearl,cdearllx@twitpic.com,2024-03-30
791,Darrelle,Acaster,dacasterly@earthlink.net,2025-07-07
792,Joby,Picker,jpickerlz@thetimes.co.uk,2024-03-23
793,Robers,Surman,rsurmanm0@soundcloud.com,2024-01-22
794,Mindy,Birkin,mbirkinm1@spiegel.de,2024-07-05
795,Ker,Kennerley,kkennerleym2@kickstarter.com,2024-06-15
796,Lorrie,Gundry,lgundrym3@csmonitor.com,2025-06-27
797,Bonnibelle,Dorracott,bdorracottm4@disqus.com,2024-02-10
798,Barbey,Dhennin,bdhenninm5@is.gd,2025-04-19
799,Aaron,Grisard,agrisardm6@github.com,2024-03-15
800,Nerti,Westwater,nwestwaterm7@ehow.com,2024-11-05
801,Boycey,Rankmore,brankmorem8@pbs.org,2024-05-09
802,Kittie,Leamon,kleamonm9@alexa.com,2024-08-05
803,Tadeas,Laboune,tlabounema@ucoz.com,2025-02-11
804,Lucas,Klimmek,lklimmekmb@oakley.com,2024-04-14
805,Brady,MacTeague,bmacteaguemc@topsy.com,2025-11-12
806,Darb,Drejer,ddrejermd@salon.com,2025-04-18
807,Kelsi,Gorry,kgorryme@feedburner.com,2024-06-24
808,Dedie,Mumm,dmummmf@soundcloud.com,2024-02-15
809,Dixie,Fittall,dfittallmg@sakura.ne.jp,2024-05-03
810,Garvy,Klassmann,gklassmannmh@economist.com,2024-01-27
811,Rube,O'Dowling,rodowlingmi@yellowpages.com,2025-04-27
812,Augustina,Dalman,adalmanmj@clickbank.net,2024-04-06
813,Merry,Upjohn,mupjohnmk@dot.gov,2025-02-25
814,Kathlin,Dovidaitis,kdovidaitisml@meetup.com,2024-01-16
815,Sibby,Bruin,sbruinmm@tinypic.com,2024-04-06
816,Cos,Rubica,crubicamn@mediafire.com,2024-03-11
817,Darin,Bilofsky,dbilofskymo@discuz.net,2024-09-14
818,Marysa,Yakunchikov,myakunchikovmp@live.com,2025-05-14
819,Nissy,Ulyat,nulyatmq@simplemachines.org,2025-02-09
820,Kiele,Gostall,kgostallmr@shareasale.com,2024-05-19
821,Hulda,Beyn,hbeynms@mediafire.com,2024-05-23
822,Craig,Rouby,croubymt@fda.gov,2024-08-27
823,Keelby,Rattray,krattraymu@msn.com,2024-11-14
824,Bunnie,Schimaschke,bschimaschkemv@toplist.cz,2025-04-23
825,Ailsun,Logue,aloguemw@bbc.co.uk,2025-02-18
826,Bernardo,Baldacchino,bbaldacchinomx@cocolog-nifty.com,2025-01-22
827,Cece,Tonbye,ctonbyemy@npr.org,2024-04-21
828,Woodie,O' Timony,wotimonymz@theguardian.com,2024-07-08
829,Nicola,Landrean,nlandreann0@cpanel.net,2025-10-14
830,Ruttger,Fidele,rfidelen1@yale.edu,2024-07-13
831,Micheil,Benmore,mbenmoren2@miibeian.gov.cn,2024-12-16
832,Janette,Pidwell,jpidwelln3@cocolog-nifty.com,2025-04-25
833,Yuri,Hedan,yhedann4@yellowbook.com,2024-07-25
834,Morton,Gallichiccio,mgallichiccion5@noaa.gov,2025-10-26
835,Sascha,Middell,smiddelln6@hc360.com,2024-05-27
836,Isa,Scrowby,iscrowbyn7@ehow.com,2025-03-12
837,Violetta,Hale,vhalen8@mayoclinic.com,2024-12-16
838,Jobi,Frankum,jfrankumn9@cdbaby.com,2024-03-18
839,Lombard,Bengtson,lbengtsonna@state.gov,2024-01-31
840,Kendall,Cantua,kcantuanb@devhub.com,2025-10-03
841,Keane,Featherstonehaugh,kfeatherstonehaughnc@livejournal.com,2025-06-14
842,Dolorita,Munns,dmunnsnd@weather.com,2025-11-08
843,Avivah,Rime,arimene@youku.com,2024-06-19
844,Jecho,Bloor,jbloornf@wikia.com,2025-08-06
845,Glenine,Braam,gbraamng@instagram.com,2025-06-03
846,Alyosha,Burner,aburnernh@live.com,2024-07-09
847,Arne,Snoxill,asnoxillni@prlog.org,2025-05-03
848,Prudy,Ventham,pventhamnj@youtube.com,2024-04-04
849,Jonis,Baly,jbalynk@upenn.edu,2025-10-07
850,Idalia,Giordano,igiordanonl@yandex.ru,2024-05-27
851,Roland,Simionescu,rsimionescunm@thetimes.co.uk,2024-06-09
852,Reynolds,Dutton,rduttonnn@quantcast.com,2024-07-23
853,Roxanne,Slinn,rslinnno@feedburner.com,2024-03-19
854,Kipp,Hablet,khabletnp@elpais.com,2024-12-23
855,Dom,Stebbings,dstebbingsnq@europa.eu,2025-07-15
856,Amabelle,McLemon,amclemonnr@amazon.co.jp,2025-08-07
857,Davin,De'Ath,ddeathns@seattletimes.com,2024-03-03
858,Rani,Lamerton,rlamertonnt@economist.com,2024-10-19
859,Casey,Eccles,cecclesnu@bing.com,2024-03-19
860,Ali,Sargint,asargintnv@irs.gov,2025-10-22
861,Gloria,Skingle,gskinglenw@technorati.com,2024-04-17
862,Monte,Emm,memmnx@si.edu,2025-09-07
863,Cammy,Albiston,calbistonny@ox.ac.uk,2024-10-29
864,Doralyn,Soldan,dsoldannz@123-reg.co.uk,2024-10-19
865,Theo,Hounsham,thounshamo0@sun.com,2025-12-06
866,Keven,Drane,kdraneo1@csmonitor.com,2025-09-26
867,Hillard,Ivakhno,hivakhnoo2@vistaprint.com,2025-08-11
868,Arlyn,Hogsden,ahogsdeno3@google.com,2024-12-16
869,Darryl,Pettengell,dpettengello4@japanpost.jp,2025-04-01
870,Moshe,Kindell,mkindello5@163.com,2025-08-15
871,Norrie,Yitshak,nyitshako6@shop-pro.jp,2025-04-27
872,Billy,Millberg,bmillbergo7@cyberchimps.com,2024-01-22
873,Lois,Bartolini,lbartolinio8@twitpic.com,2024-09-10
874,Suzi,Havers,shaverso9@google.ca,2025-10-08
875,Agustin,Collard,acollardoa@ucoz.com,2025-08-19
876,Maire,Jaffa,mjaffaob@infoseek.co.jp,2025-11-19
877,Trixy,Clash,tclashoc@naver.com,2025-08-19
878,Berni,Skelington,bskelingtonod@arizona.edu,2024-07-15
879,Pinchas,Summersby,psummersbyoe@ning.com,2025-01-18
880,Terese,Benoi,tbenoiof@360.cn,2024-04-18
881,Justinian,Benz,jbenzog@slideshare.net,2025-02-20
882,Purcell,Whetnell,pwhetnelloh@home.pl,2024-07-30
883,Clary,Crispin,ccrispinoi@dagondesign.com,2025-08-05
884,Kelsi,Jakoubec,kjakoubecoj@europa.eu,2024-04-22
885,Barret,Konert,bkonertok@mozilla.com,2024-09-13
886,Una,Sivell,usivellol@netscape.com,2024-10-05
887,Minnie,Dyerson,mdyersonom@geocities.jp,2025-08-01
888,Enrique,Blenkiron,eblenkironon@illinois.edu,2025-08-29
889,Rozelle,Viney,rvineyoo@amazon.com,2025-12-27
890,Anastasia,McMarquis,amcmarquisop@telegraph.co.uk,2025-10-22
891,Cassi,Korf,ckorfoq@gizmodo.com,2025-10-04
892,Sissie,Stillert,sstillertor@wikipedia.org,2025-07-03
893,Delmore,Gosland,dgoslandos@about.com,2024-02-11
894,Felizio,Sproson,fsprosonot@dion.ne.jp,2025-09-08
895,Cathie,Jonsson,cjonssonou@google.nl,2025-04-27
896,Conney,Berrycloth,cberryclothov@mail.ru,2025-09-14
897,Ozzie,Lockhead,olockheadow@sogou.com,2024-02-06
898,Georgette,Clewarth,gclewarthox@java.com,2024-05-31
899,Florry,Stollenbeck,fstollenbeckoy@globo.com,2025-08-23
900,Minnie,Whopples,mwhopplesoz@purevolume.com,2025-06-06
901,Dore,Boeck,dboeckp0@rambler.ru,2025-12-07
902,Chalmers,Shepton,csheptonp1@nih.gov,2025-12-20
903,Wilow,Guise,wguisep2@hugedomains.com,2025-09-26
904,Maressa,Belli,mbellip3@webs.com,2024-10-16
905,Ainsley,Loving,alovingp4@prweb.com,2024-08-17
906,Kristyn,Wasiel,kwasielp5@phoca.cz,2024-04-05
907,Giulia,Wotton,gwottonp6@wsj.com,2025-04-24
908,Jamaal,Cauley,jcauleyp7@europa.eu,2024-03-10
909,Benedick,Vowell,bvowellp8@1und1.de,2025-04-09
910,Carie,Copner,ccopnerp9@redcross.org,2024-04-28
911,Kyla,Beake,kbeakepa@soup.io,2025-01-12
912,Griffith,Eggle,gegglepb@trellian.com,2025-01-27
913,Petronille,Rollett,prollettpc@seesaa.net,2025-06-08
914,Arnold,Jeacop,ajeacoppd@dropbox.com,2024-06-06
915,Pavia,Dupree,pdupreepe@google.ru,2024-03-08
916,Corenda,Purver,cpurverpf@loc.gov,2025-04-07
917,Milo,Denisot,mdenisotpg@irs.gov,2025-03-02
918,Laughton,De Fries,ldefriesph@nba.com,2024-10-07
919,Ade,Guppey,aguppeypi@barnesandnoble.com,2025-12-07
920,Wally,Collacombe,wcollacombepj@liveinternet.ru,2024-11-09
921,Charlot,Quarless,cquarlesspk@wunderground.com,2024-08-24
922,Liva,Test,ltestpl@uol.com.br,2025-09-25
923,Aileen,Di Claudio,adiclaudiopm@msn.com,2025-11-20
924,Ulla,Fenney,ufenneypn@marriott.com,2025-08-08
925,Ingeberg,Fozzard,ifozzardpo@bizjournals.com,2025-12-24
926,Bear,Brigshaw,bbrigshawpp@nps.gov,2025-07-27
927,Jaquith,Hamman,jhammanpq@auda.org.au,2024-04-18
928,Bernarr,Beathem,bbeathempr@forbes.com,2024-04-17
929,Ajay,Taillard,ataillardps@dyndns.org,2025-10-01
930,Siegfried,Crickmer,scrickmerpt@timesonline.co.uk,2024-02-28
931,Dedie,Krollman,dkrollmanpu@cam.ac.uk,2024-11-17
932,Conny,Boow,cboowpv@dell.com,2025-09-20
933,Burr,Garfit,bgarfitpw@i2i.jp,2024-02-18
934,Maurizia,Summerlie,msummerliepx@newyorker.com,2025-02-08
935,Shauna,Lie,sliepy@bizjournals.com,2025-12-12
936,Alfy,Sheron,asheronpz@ovh.net,2025-01-16
937,Holly,Hazell,hhazellq0@zdnet.com,2024-02-17
938,Mendy,Oxtarby,moxtarbyq1@umn.edu,2025-03-18
939,Sheryl,Pitney,spitneyq2@quantcast.com,2024-06-21
940,Ethelbert,Vernau,evernauq3@miibeian.gov.cn,2025-03-19
941,Bidget,Cotilard,bcotilardq4@de.vu,2024-01-11
942,Sherwood,Livezley,slivezleyq5@wikimedia.org,2025-11-09
943,Amie,Atkins,aatkinsq6@pbs.org,2025-09-18
944,Lenore,Forton,lfortonq7@barnesandnoble.com,2025-12-29
945,Betti,Barradell,bbarradellq8@clickbank.net,2024-11-26
946,Gay,McRoberts,gmcrobertsq9@google.co.uk,2024-12-29
947,Farah,Priddey,fpriddeyqa@freewebs.com,2024-11-11
948,Etienne,Josilowski,ejosilowskiqb@blogger.com,2025-07-07
949,Holly,Padson,hpadsonqc@yolasite.com,2024-11-05
950,Nicol,Kinsella,nkinsellaqd@ted.com,2024-09-08
951,Guss,Smart,gsmartqe@tmall.com,2025-07-30
952,Reina,Giacomasso,rgiacomassoqf@g.co,2024-07-26
953,Eddy,MacAllaster,emacallasterqg@imgur.com,2025-05-13
954,Stephanus,Flaubert,sflaubertqh@techcrunch.com,2024-02-20
955,Nerita,Colthard,ncolthardqi@livejournal.com,2024-04-09
956,Doug,Kington,dkingtonqj@bluehost.com,2024-08-21
957,Sammy,Jackson,sjacksonqk@spotify.com,2024-12-11
958,Marsh,Naptine,mnaptineql@salon.com,2025-03-08
959,Barnett,Domegan,bdomeganqm@cornell.edu,2025-03-21
960,Melinde,Jelleman,mjellemanqn@zimbio.com,2024-08-27
961,Cordelie,Youll,cyoullqo@macromedia.com,2024-07-15
962,Perry,Donaghie,pdonaghieqp@apple.com,2025-08-12
963,Ali,Cromett,acromettqq@wordpress.org,2024-09-27
964,Denver,Ockenden,dockendenqr@pagesperso-orange.fr,2024-07-07
965,Engracia,Esterbrook,eesterbrookqs@forbes.com,2025-06-10
966,Bret,Parchment,bparchmentqt@whitehouse.gov,2025-09-06
967,Meade,Pebworth,mpebworthqu@shareasale.com,2024-07-04
968,Sile,Elrick,selrickqv@newsvine.com,2025-03-30
969,Andrej,Edgin,aedginqw@independent.co.uk,2025-12-23
970,Juliette,Faers,jfaersqx@google.com.hk,2025-02-25
971,Carilyn,Sandham,csandhamqy@wp.com,2024-07-13
972,Dita,Tapp,dtappqz@blogger.com,2024-09-13
973,Titos,Artist,tartistr0@examiner.com,2025-10-16
974,Jard,Petrillo,jpetrillor1@1und1.de,2025-09-20
975,Verina,Winspar,vwinsparr2@163.com,2025-01-01
976,Phillipe,Noli,pnolir3@google.cn,2024-11-18
977,Bert,Sincock,bsincockr4@jugem.jp,2025-12-19
978,Lilli,Martinetto,lmartinettor5@soup.io,2024-09-21
979,Elsbeth,Darby,edarbyr6@hatena.ne.jp,2025-09-04
980,Stuart,Bushel,sbushelr7@shop-pro.jp,2024-04-02
981,Charmane,Bleckly,cblecklyr8@businesswire.com,2025-10-22
982,Dedie,Aleksandrov,daleksandrovr9@opensource.org,2025-07-26
983,Franni,Eirwin,feirwinra@w3.org,2024-09-02
984,Thorin,Scawton,tscawtonrb@odnoklassniki.ru,2024-12-16
985,Annabella,Sabbatier,asabbatierrc@princeton.edu,2025-06-12
986,Clair,McQuaker,cmcquakerrd@phpbb.com,2024-02-23
987,Lucienne,McGlue,lmcgluere@unicef.org,2024-02-09
988,Devan,Le Floch,dleflochrf@i2i.jp,2025-08-15
989,Rubie,Everiss,reverissrg@imageshack.us,2025-04-19
990,Grazia,Quinevan,gquinevanrh@go.com,2024-11-28
991,Krystle,Balchin,kbalchinri@odnoklassniki.ru,2024-06-11
992,Evin,Spratling,espratlingrj@nhs.uk,2024-10-08
993,Carmine,Tudge,ctudgerk@ted.com,2024-08-19
994,Louis,Vasiltsov,lvasiltsovrl@yellowbook.com,2024-11-26
995,Auria,Vandrill,avandrillrm@businessinsider.com,2025-07-20
996,Kelley,Lyne,klynern@etsy.com,2025-09-03
997,Karry,Andrey,kandreyro@imageshack.us,2025-04-18
998,Gerrie,Faber,gfaberrp@qq.com,2024-06-13
999,Rosco,Mungham,rmunghamrq@google.nl,2025-12-02
1000,Dominica,Rodinger,drodingerrr@t.co,2024-04-22
